<?xml version="1.0"?>
<houses>
	<house name="rio 01" houseid="2459" entryx="2747" entryy="2949" entryz="7" rent="0" townid="1" size="41" />
	<house name="rio 02" houseid="2460" entryx="2758" entryy="2949" entryz="7" rent="0" townid="1" size="41" />
	<house name="rio 03" houseid="2461" entryx="2769" entryy="2949" entryz="7" rent="0" townid="1" size="41" />
	<house name="rio 04" houseid="2462" entryx="2780" entryy="2949" entryz="7" rent="0" townid="1" size="41" />
	<house name="rio 05" houseid="2463" entryx="2751" entryy="2954" entryz="7" rent="0" townid="1" size="14" />
	<house name="rio 06" houseid="2464" entryx="2748" entryy="2964" entryz="7" rent="0" townid="1" size="14" />
	<house name="rio 07" houseid="2465" entryx="2755" entryy="2954" entryz="7" rent="0" townid="1" size="17" />
	<house name="rio 08" houseid="2466" entryx="2766" entryy="2954" entryz="7" rent="0" townid="1" size="14" />
	<house name="rio 09" houseid="2467" entryx="2764" entryy="2964" entryz="7" rent="0" townid="1" size="14" />
	<house name="rio 10" houseid="2468" entryx="2771" entryy="2954" entryz="7" rent="0" townid="1" size="17" />
	<house name="rio 11" houseid="2469" entryx="2752" entryy="2958" entryz="6" rent="0" townid="1" size="8" />
	<house name="rio 12" houseid="2470" entryx="2752" entryy="2961" entryz="6" rent="0" townid="1" size="7" />
	<house name="rio 13" houseid="2471" entryx="2752" entryy="2961" entryz="6" rent="0" townid="1" size="6" />
	<house name="rio 14" houseid="2472" entryx="2752" entryy="2958" entryz="6" rent="0" townid="1" size="7" />
	<house name="rio 15" houseid="2473" entryx="2768" entryy="2958" entryz="6" rent="0" townid="1" size="8" />
	<house name="rio 16" houseid="2474" entryx="2768" entryy="2961" entryz="6" rent="0" townid="1" size="7" />
	<house name="rio 17" houseid="2475" entryx="2768" entryy="2958" entryz="6" rent="0" townid="1" size="7" />
	<house name="rio 18" houseid="2476" entryx="2768" entryy="2961" entryz="6" rent="0" townid="1" size="6" />
	<house name="rio 19" houseid="2477" entryx="2785" entryy="2927" entryz="7" rent="0" townid="1" size="58" />
	<house name="rio 20" houseid="2478" entryx="2749" entryy="2918" entryz="7" rent="0" townid="1" size="16" />
	<house name="rio 21" houseid="2479" entryx="2757" entryy="2918" entryz="7" rent="0" townid="1" size="16" />
	<house name="rio 22" houseid="2480" entryx="2793" entryy="2912" entryz="7" rent="0" townid="1" size="14" />
	<house name="rio 23" houseid="2481" entryx="2790" entryy="2922" entryz="7" rent="0" townid="1" size="14" />
	<house name="rio 24" houseid="2482" entryx="2797" entryy="2912" entryz="7" rent="0" townid="1" size="17" />
	<house name="rio 25" houseid="2483" entryx="2809" entryy="2912" entryz="7" rent="0" townid="1" size="14" />
	<house name="rio 26" houseid="2484" entryx="2806" entryy="2922" entryz="7" rent="0" townid="1" size="14" />
	<house name="rio 27" houseid="2485" entryx="2813" entryy="2912" entryz="7" rent="0" townid="1" size="17" />
	<house name="rio 28" houseid="2486" entryx="2794" entryy="2916" entryz="6" rent="0" townid="1" size="8" />
	<house name="rio 29" houseid="2487" entryx="2794" entryy="2919" entryz="6" rent="0" townid="1" size="7" />
	<house name="rio 30" houseid="2488" entryx="2794" entryy="2916" entryz="6" rent="0" townid="1" size="7" />
	<house name="rio 31" houseid="2489" entryx="2794" entryy="2919" entryz="6" rent="0" townid="1" size="6" />
	<house name="rio 32" houseid="2490" entryx="2810" entryy="2916" entryz="6" rent="0" townid="1" size="8" />
	<house name="rio 33" houseid="2491" entryx="2810" entryy="2919" entryz="6" rent="0" townid="1" size="7" />
	<house name="rio 34" houseid="2492" entryx="2810" entryy="2916" entryz="6" rent="0" townid="1" size="7" />
	<house name="rio 35" houseid="2493" entryx="2810" entryy="2919" entryz="6" rent="0" townid="1" size="6" />
	<house name="Manaos 01" houseid="2494" entryx="2529" entryy="2696" entryz="7" rent="0" townid="2" size="22" />
	<house name="Manaos 02" houseid="2495" entryx="2537" entryy="2698" entryz="7" rent="0" townid="2" size="23" />
	<house name="Manaos 03" houseid="2496" entryx="2552" entryy="2695" entryz="7" rent="0" townid="2" size="24" />
	<house name="Manaos 04" houseid="2497" entryx="2552" entryy="2689" entryz="7" rent="0" townid="2" size="30" />
	<house name="Manaos 05" houseid="2498" entryx="2548" entryy="2676" entryz="7" rent="0" townid="2" size="139" />
	<house name="Manaos 06" houseid="2499" entryx="2566" entryy="2694" entryz="7" rent="0" townid="2" size="24" />
	<house name="Manaos 07" houseid="2500" entryx="2574" entryy="2687" entryz="7" rent="0" townid="2" size="60" />
	<house name="Manaos 08" houseid="2501" entryx="2639" entryy="2664" entryz="7" rent="0" townid="2" size="384" />
	<house name="Monterrey 01" houseid="2502" entryx="1986" entryy="2213" entryz="7" rent="0" townid="3" size="13" />
	<house name="Monterrey 02" houseid="2503" entryx="1989" entryy="2213" entryz="7" rent="0" townid="3" size="11" />
	<house name="Monterrey 03" houseid="2504" entryx="2002" entryy="2207" entryz="7" rent="0" townid="3" size="12" />
	<house name="Monterrey 04" houseid="2505" entryx="2005" entryy="2207" entryz="7" rent="0" townid="3" size="23" />
	<house name="Monterrey 05" houseid="2506" entryx="2009" entryy="2207" entryz="7" rent="0" townid="3" size="19" />
	<house name="Monterrey 06" houseid="2507" entryx="2022" entryy="2202" entryz="7" rent="0" townid="3" size="20" />
	<house name="Monterrey 07" houseid="2508" entryx="2027" entryy="2195" entryz="7" rent="0" townid="3" size="38" />
	<house name="Monterrey 08" houseid="2509" entryx="2066" entryy="2213" entryz="7" rent="0" townid="3" size="38" />
	<house name="Monterrey 09" houseid="2510" entryx="2073" entryy="2226" entryz="7" rent="0" townid="3" size="35" />
	<house name="Monterrey 10" houseid="2511" entryx="2070" entryy="2236" entryz="7" rent="0" townid="3" size="24" />
	<house name="Monterrey 11" houseid="2512" entryx="2052" entryy="2242" entryz="7" rent="0" townid="3" size="22" />
	<house name="Monterrey 12" houseid="2513" entryx="2049" entryy="2239" entryz="7" rent="0" townid="3" size="26" />
	<house name="Monterrey 13" houseid="2514" entryx="2033" entryy="2239" entryz="7" rent="0" townid="3" size="26" />
	<house name="Monterrey 14" houseid="2515" entryx="2025" entryy="2259" entryz="7" rent="0" townid="3" size="42" />
	<house name="Monterrey 15" houseid="2516" entryx="2024" entryy="2251" entryz="7" rent="0" townid="3" size="46" />
	<house name="Monterrey 16" houseid="2517" entryx="1993" entryy="2223" entryz="7" rent="0" townid="3" size="27" />
	<house name="Monterrey 17" houseid="2518" entryx="2010" entryy="2225" entryz="7" rent="0" townid="3" size="77" />
	<house name="Monterrey 18" houseid="2519" entryx="2018" entryy="2240" entryz="7" rent="0" townid="3" size="37" />
	<house name="Monterrey 19" houseid="2520" entryx="2031" entryy="2230" entryz="7" rent="0" townid="3" size="10" />
	<house name="Monterrey 20" houseid="2521" entryx="2031" entryy="2226" entryz="7" rent="0" townid="3" size="14" />
	<house name="Monterrey 21" houseid="2522" entryx="2033" entryy="2225" entryz="7" rent="0" townid="3" size="14" />
	<house name="Monterrey 22" houseid="2523" entryx="2033" entryy="2229" entryz="7" rent="0" townid="3" size="10" />
	<house name="Monterrey 23" houseid="2524" entryx="2045" entryy="2231" entryz="7" rent="0" townid="3" size="38" />
	<house name="Monterrey 24" houseid="2525" entryx="2012" entryy="2216" entryz="7" rent="0" townid="3" size="18" />
	<house name="Monterrey 25" houseid="2526" entryx="1999" entryy="2216" entryz="7" rent="0" townid="3" size="23" />
	<house name="Monterrey 26" houseid="2527" entryx="2012" entryy="2199" entryz="6" rent="0" townid="3" size="18" />
	<house name="Monterrey 27" houseid="2528" entryx="2012" entryy="2203" entryz="6" rent="0" townid="3" size="18" />
	<house name="Uming 01" houseid="2529" entryx="1968" entryy="1323" entryz="7" rent="0" townid="4" size="38" />
	<house name="Uming 02" houseid="2530" entryx="1968" entryy="1331" entryz="7" rent="0" townid="4" size="38" />
	<house name="Uming 03" houseid="2531" entryx="1968" entryy="1339" entryz="7" rent="0" townid="4" size="32" />
	<house name="Uming 04" houseid="2532" entryx="1976" entryy="1352" entryz="7" rent="0" townid="4" size="39" />
	<house name="Uming 05" houseid="2533" entryx="1979" entryy="1352" entryz="7" rent="0" townid="4" size="36" />
	<house name="Uming 06" houseid="2534" entryx="1979" entryy="1345" entryz="7" rent="0" townid="4" size="35" />
	<house name="Uming 07" houseid="2535" entryx="1993" entryy="1345" entryz="7" rent="0" townid="4" size="35" />
	<house name="Uming 08" houseid="2536" entryx="2005" entryy="1333" entryz="7" rent="0" townid="4" size="71" />
	<house name="Uming 09" houseid="2537" entryx="2005" entryy="1325" entryz="7" rent="0" townid="4" size="72" />
	<house name="Uming 10" houseid="2538" entryx="2008" entryy="1325" entryz="7" rent="0" townid="4" size="72" />
	<house name="Uming 11" houseid="2539" entryx="2008" entryy="1333" entryz="7" rent="0" townid="4" size="72" />
	<house name="Uming 12" houseid="2540" entryx="2007" entryy="1313" entryz="7" rent="0" townid="4" size="35" />
	<house name="Uming 13" houseid="2541" entryx="1993" entryy="1313" entryz="7" rent="0" townid="4" size="35" />
	<house name="Uming 14" houseid="2542" entryx="1967" entryy="1323" entryz="6" rent="0" townid="4" size="33" />
	<house name="Uming 15" houseid="2543" entryx="1967" entryy="1331" entryz="6" rent="0" townid="4" size="33" />
	<house name="Uming 16" houseid="2544" entryx="1967" entryy="1338" entryz="6" rent="0" townid="4" size="28" />
	<house name="Alaska 01" houseid="2545" entryx="1359" entryy="1300" entryz="7" rent="0" townid="5" size="28" />
	<house name="Alaska 02" houseid="2546" entryx="1359" entryy="1306" entryz="7" rent="0" townid="5" size="28" />
	<house name="Alaska 03" houseid="2547" entryx="1359" entryy="1312" entryz="7" rent="0" townid="5" size="28" />
	<house name="Alaska 04" houseid="2548" entryx="1364" entryy="1305" entryz="7" rent="0" townid="5" size="24" />
	<house name="Alaska 05" houseid="2549" entryx="1367" entryy="1324" entryz="7" rent="0" townid="5" size="82" />
	<house name="Alaska 06" houseid="2550" entryx="1378" entryy="1322" entryz="7" rent="0" townid="5" size="18" />
	<house name="Alaska 07" houseid="2551" entryx="1383" entryy="1322" entryz="7" rent="0" townid="5" size="18" />
	<house name="Alaska 08" houseid="2552" entryx="1382" entryy="1293" entryz="7" rent="0" townid="5" size="25" />
	<house name="Alaska 09" houseid="2553" entryx="1382" entryy="1293" entryz="6" rent="0" townid="5" size="25" />
	<house name="Groenlandia 01" houseid="2554" entryx="2768" entryy="1377" entryz="5" rent="0" townid="6" size="59" />
	<house name="Groenlandia 02" houseid="2555" entryx="2863" entryy="1364" entryz="5" rent="0" townid="6" size="24" />
	<house name="Groenlandia 03" houseid="2556" entryx="2828" entryy="1335" entryz="5" rent="0" townid="6" size="8" />
	<house name="Groenlandia 04" houseid="2557" entryx="2828" entryy="1339" entryz="5" rent="0" townid="6" size="10" />
	<house name="Groenlandia 05" houseid="2558" entryx="2828" entryy="1343" entryz="5" rent="0" townid="6" size="10" />
	<house name="Groenlandia 06" houseid="2559" entryx="2828" entryy="1347" entryz="5" rent="0" townid="6" size="10" />
	<house name="Groenlandia 07" houseid="2560" entryx="2828" entryy="1351" entryz="5" rent="0" townid="6" size="8" />
	<house name="Groenlandia 08" houseid="2561" entryx="2845" entryy="1335" entryz="5" rent="0" townid="6" size="8" />
	<house name="Groenlandia 09" houseid="2562" entryx="2845" entryy="1339" entryz="5" rent="0" townid="6" size="10" />
	<house name="Groenlandia 10" houseid="2563" entryx="2845" entryy="1343" entryz="5" rent="0" townid="6" size="10" />
	<house name="Groenlandia 11" houseid="2564" entryx="2845" entryy="1347" entryz="5" rent="0" townid="6" size="10" />
	<house name="Groenlandia 12" houseid="2565" entryx="2845" entryy="1351" entryz="5" rent="0" townid="6" size="8" />
	<house name="Groenlandia 13" houseid="2566" entryx="2834" entryy="1322" entryz="5" rent="0" townid="6" size="59" />
	<house name="Groenlandia 14" houseid="2567" entryx="2811" entryy="1330" entryz="5" rent="0" townid="6" size="278" />
	<house name="Groenlandia 15" houseid="2568" entryx="2786" entryy="1327" entryz="5" rent="0" townid="6" size="279" />
	<house name="Groenlandia 16" houseid="2569" entryx="2774" entryy="1347" entryz="5" rent="0" townid="6" size="59" />
	<house name="Groenlandia 17" houseid="2570" entryx="2788" entryy="1347" entryz="5" rent="0" townid="6" size="59" />
	<house name="Groenlandia 18" houseid="2571" entryx="2829" entryy="1335" entryz="4" rent="0" townid="6" size="7" />
	<house name="Groenlandia 19" houseid="2572" entryx="2829" entryy="1339" entryz="4" rent="0" townid="6" size="7" />
	<house name="Groenlandia 20" houseid="2573" entryx="2829" entryy="1343" entryz="4" rent="0" townid="6" size="5" />
	<house name="Groenlandia 21" houseid="2574" entryx="2829" entryy="1347" entryz="4" rent="0" townid="6" size="7" />
	<house name="Groenlandia 22" houseid="2575" entryx="2829" entryy="1351" entryz="4" rent="0" townid="6" size="7" />
	<house name="Groenlandia 23" houseid="2576" entryx="2846" entryy="1335" entryz="4" rent="0" townid="6" size="7" />
	<house name="Groenlandia 24" houseid="2577" entryx="2846" entryy="1339" entryz="4" rent="0" townid="6" size="7" />
	<house name="Groenlandia 25" houseid="2578" entryx="2846" entryy="1343" entryz="4" rent="0" townid="6" size="5" />
	<house name="Groenlandia 26" houseid="2579" entryx="2846" entryy="1347" entryz="4" rent="0" townid="6" size="7" />
	<house name="Groenlandia 28" houseid="2580" entryx="2846" entryy="1351" entryz="4" rent="0" townid="6" size="7" />
</houses>
